JNcI6py4EgX9mA2mhKqpJifI4qL2	m	21	Turkey	May 21, 2022
rkkjBYEVSTNJU8u2bPuLrColYCP2	m	21	Turkey	May 21, 2022
GzL8j5ya5FccfrjbVV8q72WzQW03	m	21	Turkey	May 21, 2022
FFLi6wb0kSVzdX63m5S2Wu6vhZG3	m	21	Turkey	May 21, 2022
Ol4BuM6yIAaK9UGnyiPjNmV2Ne63	m	21	Turkey	May 21, 2022
JNcI6py4EgX9mA2mhKqpJifI4qL2	m	21	Turkey	May 21, 2022
GuL3Lu9y65bxMQTMvLl5BDdZLvz1	m	21	Turkey	May 21, 2022
Ol4BuM6yIAaK9UGnyiPjNmV2Ne63	m	21	Turkey	May 21, 2022
RcrmhTEIb5QNXmCX7fGNmyXyhan2	m	21	Turkey	May 21, 2022
reM0Clj8GJWvy4k9f042iRLWxql1	m	21	Turkey	May 21, 2022
1eUX2R2HhAflbbaHUfiAwenvy3t1	m	21	Turkey	May 21, 2022
h9SZJZcbtCcQR5sIa8qPRMMbT8F2	m	21	Turkey	May 21, 2022
HEC1374iIuMIvuyE59FET0aoXTv1	m	21	Turkey	May 21, 2022
reM0Clj8GJWvy4k9f042iRLWxql1	m	21	Turkey	May 21, 2022
RcrmhTEIb5QNXmCX7fGNmyXyhan2	m	21	Turkey	May 21, 2022
DmPk4P7iYzXBZymrHY6UdIPoRrd2	m	21	Turkey	May 21, 2022
DmPk4P7iYzXBZymrHY6UdIPoRrd2	m	21	Turkey	May 21, 2022
h9SZJZcbtCcQR5sIa8qPRMMbT8F2	m	21	Turkey	May 21, 2022
JNcI6py4EgX9mA2mhKqpJifI4qL2	m	21	Turkey	May 21, 2022
rkkjBYEVSTNJU8u2bPuLrColYCP2	m	21	Turkey	May 21, 2022
8b06oWQ7jCf7n95QALs2duP9krs1	m	21	Turkey	May 21, 2022
MiCImxZ2gzZmv8Jaa1q1u4p3uYY2	m	21	Turkey	May 21, 2022
GzL8j5ya5FccfrjbVV8q72WzQW03	m	21	Turkey	May 21, 2022
sMPDbZIM85eHwgNRwJerkmjNRc02	m	21	Turkey	May 21, 2022
GzL8j5ya5FccfrjbVV8q72WzQW03	m	21	Turkey	May 21, 2022
sMPDbZIM85eHwgNRwJerkmjNRc02	m	21	Turkey	May 21, 2022
ht6ooAsp4aaALLYfuOPKOzaS8vn1	m	21	Turkey	May 21, 2022
8b06oWQ7jCf7n95QALs2duP9krs1	m	21	Turkey	May 21, 2022
SNKijZ6FB8hOsxuC1KFXRs5MOE32	m	21	Turkey	May 21, 2022
1eUX2R2HhAflbbaHUfiAwenvy3t1	m	21	Turkey	May 21, 2022
bFrMu6RghvS7MkvRcp6AbdWAzpi2	m	21	Turkey	May 21, 2022
CvZfysaPMdasVUxFfMR7p5JYUNf2	m	21	Turkey	May 21, 2022
KLEAYiAFLchYpSFkbFu5h6NNEws1	m	21	Turkey	May 21, 2022
bFrMu6RghvS7MkvRcp6AbdWAzpi2	m	21	Turkey	May 21, 2022
rkkjBYEVSTNJU8u2bPuLrColYCP2	m	21	Turkey	May 21, 2022
FFLi6wb0kSVzdX63m5S2Wu6vhZG3	m	21	Turkey	May 21, 2022
FFLi6wb0kSVzdX63m5S2Wu6vhZG3	m	21	Turkey	May 21, 2022
FFLi6wb0kSVzdX63m5S2Wu6vhZG3	m	21	Turkey	May 21, 2022
HEC1374iIuMIvuyE59FET0aoXTv1	m	21	Turkey	May 21, 2022
HEC1374iIuMIvuyE59FET0aoXTv1	m	21	Turkey	May 21, 2022
bFrMu6RghvS7MkvRcp6AbdWAzpi2	m	21	Turkey	May 21, 2022
VFTNMTXPUVfWhWgaxbiTKREPaSn1	m	21	Turkey	May 21, 2022
GuL3Lu9y65bxMQTMvLl5BDdZLvz1	m	21	Turkey	May 21, 2022
GuL3Lu9y65bxMQTMvLl5BDdZLvz1	m	21	Turkey	May 21, 2022
1eUX2R2HhAflbbaHUfiAwenvy3t1	m	21	Turkey	May 21, 2022
FFLi6wb0kSVzdX63m5S2Wu6vhZG3	m	21	Turkey	May 21, 2022
yr2DVVBaJ5ZKRSiMKLBxAQPKPxt1	m	21	Turkey	May 21, 2022
JNcI6py4EgX9mA2mhKqpJifI4qL2	m	21	Turkey	May 21, 2022
rkkjBYEVSTNJU8u2bPuLrColYCP2	m	21	Turkey	May 21, 2022
h9SZJZcbtCcQR5sIa8qPRMMbT8F2	m	21	Turkey	May 21, 2022
8b06oWQ7jCf7n95QALs2duP9krs1	m	21	Turkey	May 21, 2022
HEC1374iIuMIvuyE59FET0aoXTv1	m	21	Turkey	May 21, 2022
RcrmhTEIb5QNXmCX7fGNmyXyhan2	m	21	Turkey	May 21, 2022
GuL3Lu9y65bxMQTMvLl5BDdZLvz1	m	21	Turkey	May 21, 2022
SNKijZ6FB8hOsxuC1KFXRs5MOE32	m	21	Turkey	May 21, 2022
KLEAYiAFLchYpSFkbFu5h6NNEws1	m	21	Turkey	May 21, 2022
FFLi6wb0kSVzdX63m5S2Wu6vhZG3	m	21	Turkey	May 21, 2022
rkkjBYEVSTNJU8u2bPuLrColYCP2	m	21	Turkey	May 21, 2022
DmPk4P7iYzXBZymrHY6UdIPoRrd2	m	21	Turkey	May 21, 2022
34SfnawDh4Pvhsnn5WvPK9LeiH42	m	21	Turkey	May 21, 2022
JNcI6py4EgX9mA2mhKqpJifI4qL2	m	21	Turkey	May 21, 2022
JNcI6py4EgX9mA2mhKqpJifI4qL2	m	21	Turkey	May 21, 2022
Ol4BuM6yIAaK9UGnyiPjNmV2Ne63	m	21	Turkey	May 21, 2022
8b06oWQ7jCf7n95QALs2duP9krs1	m	21	Turkey	May 21, 2022
KLEAYiAFLchYpSFkbFu5h6NNEws1	m	21	Turkey	May 21, 2022
DmPk4P7iYzXBZymrHY6UdIPoRrd2	m	21	Turkey	May 21, 2022
bFrMu6RghvS7MkvRcp6AbdWAzpi2	m	21	Turkey	May 21, 2022
bFrMu6RghvS7MkvRcp6AbdWAzpi2	m	21	Turkey	May 21, 2022
FFLi6wb0kSVzdX63m5S2Wu6vhZG3	m	21	Turkey	May 21, 2022
1eUX2R2HhAflbbaHUfiAwenvy3t1	m	21	Turkey	May 21, 2022
QbYQRVkHUCRFJpYyyKkKWBZqJcG3	m	21	Turkey	May 21, 2022
MiCImxZ2gzZmv8Jaa1q1u4p3uYY2	m	21	Turkey	May 21, 2022
qPSkrjYFY7V706nPCuNV0981fyz1	m	21	Turkey	May 21, 2022
1eUX2R2HhAflbbaHUfiAwenvy3t1	m	21	Turkey	May 21, 2022
h9SZJZcbtCcQR5sIa8qPRMMbT8F2	m	21	Turkey	May 21, 2022
yr2DVVBaJ5ZKRSiMKLBxAQPKPxt1	m	21	Turkey	May 21, 2022
reM0Clj8GJWvy4k9f042iRLWxql1	m	21	Turkey	May 21, 2022
01hgvY0sWaN93SyybvaWqouCo0G3	m	21	Turkey	May 21, 2022
sMPDbZIM85eHwgNRwJerkmjNRc02	m	21	Turkey	May 21, 2022
gcUkHzaBjmYauR5G6W9mPRIiE3u1	m	21	Turkey	May 21, 2022
h9SZJZcbtCcQR5sIa8qPRMMbT8F2	m	21	Turkey	May 21, 2022
01hgvY0sWaN93SyybvaWqouCo0G3	m	21	Turkey	May 21, 2022
J1smQ0mKQsQMBwKissRuX1tpGpx2	m	21	Turkey	May 21, 2022
aX8K9QgsnlX3tTBuItpx2iicZDb2	m	21	Turkey	May 21, 2022
VFTNMTXPUVfWhWgaxbiTKREPaSn1	m	21	Turkey	May 21, 2022
DmPk4P7iYzXBZymrHY6UdIPoRrd2	m	21	Turkey	May 21, 2022
qPSkrjYFY7V706nPCuNV0981fyz1	m	21	Turkey	May 21, 2022
01hgvY0sWaN93SyybvaWqouCo0G3	m	21	Turkey	May 21, 2022
bFrMu6RghvS7MkvRcp6AbdWAzpi2	m	21	Turkey	May 21, 2022
JNcI6py4EgX9mA2mhKqpJifI4qL2	m	21	Turkey	May 21, 2022
sMPDbZIM85eHwgNRwJerkmjNRc02	m	21	Turkey	May 21, 2022
qPSkrjYFY7V706nPCuNV0981fyz1	m	21	Turkey	May 21, 2022
VFTNMTXPUVfWhWgaxbiTKREPaSn1	m	21	Turkey	May 21, 2022
GuL3Lu9y65bxMQTMvLl5BDdZLvz1	m	21	Turkey	May 21, 2022
KLEAYiAFLchYpSFkbFu5h6NNEws1	m	21	Turkey	May 21, 2022
RQMaaRReMoaySOAL4CCk2yGCQ592	m	21	Turkey	May 21, 2022
reM0Clj8GJWvy4k9f042iRLWxql1	m	21	Turkey	May 21, 2022
bFrMu6RghvS7MkvRcp6AbdWAzpi2	m	21	Turkey	May 21, 2022
yr2DVVBaJ5ZKRSiMKLBxAQPKPxt1	m	21	Turkey	May 21, 2022
34SfnawDh4Pvhsnn5WvPK9LeiH42	m	21	Turkey	May 21, 2022
VFTNMTXPUVfWhWgaxbiTKREPaSn1	m	21	Turkey	May 21, 2022
reM0Clj8GJWvy4k9f042iRLWxql1	m	21	Turkey	May 21, 2022
VFTNMTXPUVfWhWgaxbiTKREPaSn1	m	21	Turkey	May 21, 2022
MiCImxZ2gzZmv8Jaa1q1u4p3uYY2	m	21	Turkey	May 21, 2022
rkkjBYEVSTNJU8u2bPuLrColYCP2	m	21	Turkey	May 21, 2022
GuL3Lu9y65bxMQTMvLl5BDdZLvz1	m	21	Turkey	May 21, 2022
JNcI6py4EgX9mA2mhKqpJifI4qL2	m	21	Turkey	May 21, 2022
GuL3Lu9y65bxMQTMvLl5BDdZLvz1	m	21	Turkey	May 21, 2022
GuL3Lu9y65bxMQTMvLl5BDdZLvz1	m	21	Turkey	May 21, 2022
MiCImxZ2gzZmv8Jaa1q1u4p3uYY2	m	21	Turkey	May 21, 2022
DmPk4P7iYzXBZymrHY6UdIPoRrd2	m	21	Turkey	May 21, 2022
HEC1374iIuMIvuyE59FET0aoXTv1	m	21	Turkey	May 21, 2022
DmPk4P7iYzXBZymrHY6UdIPoRrd2	m	21	Turkey	May 21, 2022
DmPk4P7iYzXBZymrHY6UdIPoRrd2	m	21	Turkey	May 21, 2022
1eUX2R2HhAflbbaHUfiAwenvy3t1	m	21	Turkey	May 21, 2022
h9SZJZcbtCcQR5sIa8qPRMMbT8F2	m	21	Turkey	May 21, 2022
bFrMu6RghvS7MkvRcp6AbdWAzpi2	m	21	Turkey	May 21, 2022
RcrmhTEIb5QNXmCX7fGNmyXyhan2	m	21	Turkey	May 21, 2022
FFLi6wb0kSVzdX63m5S2Wu6vhZG3	m	21	Turkey	May 21, 2022
FFLi6wb0kSVzdX63m5S2Wu6vhZG3	m	21	Turkey	May 21, 2022
FFLi6wb0kSVzdX63m5S2Wu6vhZG3	m	21	Turkey	May 21, 2022
1eUX2R2HhAflbbaHUfiAwenvy3t1	m	21	Turkey	May 21, 2022
RcrmhTEIb5QNXmCX7fGNmyXyhan2	m	21	Turkey	May 21, 2022
8b06oWQ7jCf7n95QALs2duP9krs1	m	21	Turkey	May 21, 2022
h9SZJZcbtCcQR5sIa8qPRMMbT8F2	m	21	Turkey	May 21, 2022
h9SZJZcbtCcQR5sIa8qPRMMbT8F2	m	21	Turkey	May 21, 2022
h9SZJZcbtCcQR5sIa8qPRMMbT8F2	m	21	Turkey	May 21, 2022
h9SZJZcbtCcQR5sIa8qPRMMbT8F2	m	21	Turkey	May 21, 2022
sMPDbZIM85eHwgNRwJerkmjNRc02	m	21	Turkey	May 21, 2022
HEC1374iIuMIvuyE59FET0aoXTv1	m	21	Turkey	May 21, 2022
1eUX2R2HhAflbbaHUfiAwenvy3t1	m	21	Turkey	May 21, 2022
qPSkrjYFY7V706nPCuNV0981fyz1	m	21	Turkey	May 21, 2022
8b06oWQ7jCf7n95QALs2duP9krs1	m	21	Turkey	May 21, 2022
1eUX2R2HhAflbbaHUfiAwenvy3t1	m	21	Turkey	May 21, 2022
1eUX2R2HhAflbbaHUfiAwenvy3t1	m	21	Turkey	May 21, 2022
HEC1374iIuMIvuyE59FET0aoXTv1	m	21	Turkey	May 21, 2022
QbYQRVkHUCRFJpYyyKkKWBZqJcG3	m	21	Turkey	May 21, 2022
MiCImxZ2gzZmv8Jaa1q1u4p3uYY2	m	21	Turkey	May 21, 2022
Ol4BuM6yIAaK9UGnyiPjNmV2Ne63	m	21	Turkey	May 21, 2022
Lh4RQFv6F1hUGfeYWgySKAbUl6M2	m	21	Turkey	May 21, 2022
reM0Clj8GJWvy4k9f042iRLWxql1	m	21	Turkey	May 21, 2022
ht6ooAsp4aaALLYfuOPKOzaS8vn1	m	21	Turkey	May 21, 2022
KLEAYiAFLchYpSFkbFu5h6NNEws1	m	21	Turkey	May 21, 2022
sMPDbZIM85eHwgNRwJerkmjNRc02	m	21	Turkey	May 21, 2022
34SfnawDh4Pvhsnn5WvPK9LeiH42	m	21	Turkey	May 21, 2022
Ol4BuM6yIAaK9UGnyiPjNmV2Ne63	m	21	Turkey	May 21, 2022
8b06oWQ7jCf7n95QALs2duP9krs1	m	21	Turkey	May 21, 2022
GzL8j5ya5FccfrjbVV8q72WzQW03	m	21	Turkey	May 21, 2022
JNcI6py4EgX9mA2mhKqpJifI4qL2	m	21	Turkey	May 21, 2022
CvZfysaPMdasVUxFfMR7p5JYUNf2	m	21	Turkey	May 21, 2022
rkkjBYEVSTNJU8u2bPuLrColYCP2	m	21	Turkey	May 21, 2022
GzL8j5ya5FccfrjbVV8q72WzQW03	m	21	Turkey	May 21, 2022
iOnOoYhm4CcQQTn04moeBX7x4iq2	m	21	Turkey	May 21, 2022
gcUkHzaBjmYauR5G6W9mPRIiE3u1	m	21	Turkey	May 21, 2022
8b06oWQ7jCf7n95QALs2duP9krs1	m	21	Turkey	May 21, 2022
8b06oWQ7jCf7n95QALs2duP9krs1	m	21	Turkey	May 21, 2022
8b06oWQ7jCf7n95QALs2duP9krs1	m	21	Turkey	May 21, 2022
qPSkrjYFY7V706nPCuNV0981fyz1	m	21	Turkey	May 21, 2022
qPSkrjYFY7V706nPCuNV0981fyz1	m	21	Turkey	May 21, 2022
sMPDbZIM85eHwgNRwJerkmjNRc02	m	21	Turkey	May 21, 2022
QbYQRVkHUCRFJpYyyKkKWBZqJcG3	m	21	Turkey	May 21, 2022
1eUX2R2HhAflbbaHUfiAwenvy3t1	m	21	Turkey	May 21, 2022
RcrmhTEIb5QNXmCX7fGNmyXyhan2	m	21	Turkey	May 21, 2022
bFrMu6RghvS7MkvRcp6AbdWAzpi2	m	21	Turkey	May 21, 2022
bFrMu6RghvS7MkvRcp6AbdWAzpi2	m	21	Turkey	May 21, 2022
KLEAYiAFLchYpSFkbFu5h6NNEws1	m	21	Turkey	May 21, 2022
yr2DVVBaJ5ZKRSiMKLBxAQPKPxt1	m	21	Turkey	May 21, 2022
8b06oWQ7jCf7n95QALs2duP9krs1	m	21	Turkey	May 21, 2022
DmPk4P7iYzXBZymrHY6UdIPoRrd2	m	21	Turkey	May 21, 2022
qPSkrjYFY7V706nPCuNV0981fyz1	m	21	Turkey	May 21, 2022
DmPk4P7iYzXBZymrHY6UdIPoRrd2	m	21	Turkey	May 21, 2022
CvZfysaPMdasVUxFfMR7p5JYUNf2	m	21	Turkey	May 21, 2022
rkkjBYEVSTNJU8u2bPuLrColYCP2	m	21	Turkey	May 21, 2022
GzL8j5ya5FccfrjbVV8q72WzQW03	m	21	Turkey	May 21, 2022
Ol4BuM6yIAaK9UGnyiPjNmV2Ne63	m	21	Turkey	May 21, 2022
JNcI6py4EgX9mA2mhKqpJifI4qL2	m	21	Turkey	May 21, 2022
rkkjBYEVSTNJU8u2bPuLrColYCP2	m	21	Turkey	May 21, 2022
QbYQRVkHUCRFJpYyyKkKWBZqJcG3	m	21	Turkey	May 21, 2022
CvZfysaPMdasVUxFfMR7p5JYUNf2	m	21	Turkey	May 21, 2022
JNcI6py4EgX9mA2mhKqpJifI4qL2	m	21	Turkey	May 21, 2022
rkkjBYEVSTNJU8u2bPuLrColYCP2	m	21	Turkey	May 21, 2022
1eUX2R2HhAflbbaHUfiAwenvy3t1	m	21	Turkey	May 21, 2022
bFrMu6RghvS7MkvRcp6AbdWAzpi2	m	21	Turkey	May 21, 2022
rkkjBYEVSTNJU8u2bPuLrColYCP2	m	21	Turkey	May 21, 2022
KLEAYiAFLchYpSFkbFu5h6NNEws1	m	21	Turkey	May 21, 2022
MiCImxZ2gzZmv8Jaa1q1u4p3uYY2	m	21	Turkey	May 21, 2022
34SfnawDh4Pvhsnn5WvPK9LeiH42	m	21	Turkey	May 21, 2022
yr2DVVBaJ5ZKRSiMKLBxAQPKPxt1	m	21	Turkey	May 21, 2022
34SfnawDh4Pvhsnn5WvPK9LeiH42	m	21	Turkey	May 21, 2022
qPSkrjYFY7V706nPCuNV0981fyz1	m	21	Turkey	May 21, 2022
Ol4BuM6yIAaK9UGnyiPjNmV2Ne63	m	21	Turkey	May 21, 2022
ht6ooAsp4aaALLYfuOPKOzaS8vn1	m	21	Turkey	May 21, 2022
reM0Clj8GJWvy4k9f042iRLWxql1	m	21	Turkey	May 21, 2022
qPSkrjYFY7V706nPCuNV0981fyz1	m	21	Turkey	May 21, 2022
SNKijZ6FB8hOsxuC1KFXRs5MOE32	m	21	Turkey	May 21, 2022
SNKijZ6FB8hOsxuC1KFXRs5MOE32	m	21	Turkey	May 21, 2022
1eUX2R2HhAflbbaHUfiAwenvy3t1	m	21	Turkey	May 21, 2022
bFrMu6RghvS7MkvRcp6AbdWAzpi2	m	21	Turkey	May 21, 2022
RcrmhTEIb5QNXmCX7fGNmyXyhan2	m	21	Turkey	May 21, 2022
SNKijZ6FB8hOsxuC1KFXRs5MOE32	m	21	Turkey	May 21, 2022
GuL3Lu9y65bxMQTMvLl5BDdZLvz1	m	21	Turkey	May 21, 2022
FFLi6wb0kSVzdX63m5S2Wu6vhZG3	m	21	Turkey	May 21, 2022
FFLi6wb0kSVzdX63m5S2Wu6vhZG3	m	21	Turkey	May 21, 2022
FFLi6wb0kSVzdX63m5S2Wu6vhZG3	m	21	Turkey	May 21, 2022
34SfnawDh4Pvhsnn5WvPK9LeiH42	m	21	Turkey	May 21, 2022
GuL3Lu9y65bxMQTMvLl5BDdZLvz1	m	21	Turkey	May 21, 2022
GuL3Lu9y65bxMQTMvLl5BDdZLvz1	m	21	Turkey	May 21, 2022
rkkjBYEVSTNJU8u2bPuLrColYCP2	m	21	Turkey	May 21, 2022
JNcI6py4EgX9mA2mhKqpJifI4qL2	m	21	Turkey	May 21, 2022
34SfnawDh4Pvhsnn5WvPK9LeiH42	m	21	Turkey	May 21, 2022
VFTNMTXPUVfWhWgaxbiTKREPaSn1	m	21	Turkey	May 21, 2022
GzL8j5ya5FccfrjbVV8q72WzQW03	m	21	Turkey	May 21, 2022
1eUX2R2HhAflbbaHUfiAwenvy3t1	m	21	Turkey	May 21, 2022
34SfnawDh4Pvhsnn5WvPK9LeiH42	m	21	Turkey	May 21, 2022
qPSkrjYFY7V706nPCuNV0981fyz1	m	21	Turkey	May 21, 2022
QbYQRVkHUCRFJpYyyKkKWBZqJcG3	m	21	Turkey	May 21, 2022
GuL3Lu9y65bxMQTMvLl5BDdZLvz1	m	21	Turkey	May 21, 2022
QbYQRVkHUCRFJpYyyKkKWBZqJcG3	m	21	Turkey	May 21, 2022
sMPDbZIM85eHwgNRwJerkmjNRc02	m	21	Turkey	May 21, 2022
Ol4BuM6yIAaK9UGnyiPjNmV2Ne63	m	21	Turkey	May 21, 2022
rkkjBYEVSTNJU8u2bPuLrColYCP2	m	21	Turkey	May 21, 2022
ht6ooAsp4aaALLYfuOPKOzaS8vn1	m	21	Turkey	May 21, 2022
sMPDbZIM85eHwgNRwJerkmjNRc02	m	21	Turkey	May 21, 2022
34SfnawDh4Pvhsnn5WvPK9LeiH42	m	21	Turkey	May 21, 2022
sMPDbZIM85eHwgNRwJerkmjNRc02	m	21	Turkey	May 21, 2022
h9SZJZcbtCcQR5sIa8qPRMMbT8F2	m	21	Turkey	May 21, 2022
reM0Clj8GJWvy4k9f042iRLWxql1	m	21	Turkey	May 21, 2022
FFLi6wb0kSVzdX63m5S2Wu6vhZG3	m	21	Turkey	May 21, 2022
h9SZJZcbtCcQR5sIa8qPRMMbT8F2	m	21	Turkey	May 21, 2022
FFLi6wb0kSVzdX63m5S2Wu6vhZG3	m	21	Turkey	May 21, 2022
34SfnawDh4Pvhsnn5WvPK9LeiH42	m	21	Turkey	May 21, 2022
h9SZJZcbtCcQR5sIa8qPRMMbT8F2	m	21	Turkey	May 21, 2022
DmPk4P7iYzXBZymrHY6UdIPoRrd2	m	21	Turkey	May 21, 2022
DmPk4P7iYzXBZymrHY6UdIPoRrd2	m	21	Turkey	May 21, 2022
reM0Clj8GJWvy4k9f042iRLWxql1	m	21	Turkey	May 21, 2022
DmPk4P7iYzXBZymrHY6UdIPoRrd2	m	21	Turkey	May 21, 2022
ht6ooAsp4aaALLYfuOPKOzaS8vn1	m	21	Turkey	May 21, 2022
34SfnawDh4Pvhsnn5WvPK9LeiH42	m	21	Turkey	May 21, 2022
RcrmhTEIb5QNXmCX7fGNmyXyhan2	m	21	Turkey	May 21, 2022
DmPk4P7iYzXBZymrHY6UdIPoRrd2	m	21	Turkey	May 21, 2022
FFLi6wb0kSVzdX63m5S2Wu6vhZG3	m	21	Turkey	May 21, 2022
sMPDbZIM85eHwgNRwJerkmjNRc02	m	21	Turkey	May 21, 2022
Ol4BuM6yIAaK9UGnyiPjNmV2Ne63	m	21	Turkey	May 21, 2022
rkkjBYEVSTNJU8u2bPuLrColYCP2	m	21	Turkey	May 21, 2022
JNcI6py4EgX9mA2mhKqpJifI4qL2	m	21	Turkey	May 21, 2022
yr2DVVBaJ5ZKRSiMKLBxAQPKPxt1	m	21	Turkey	May 21, 2022
gcUkHzaBjmYauR5G6W9mPRIiE3u1	m	21	Turkey	May 21, 2022
Lh4RQFv6F1hUGfeYWgySKAbUl6M2	m	21	Turkey	May 21, 2022
8b06oWQ7jCf7n95QALs2duP9krs1	m	21	Turkey	May 21, 2022
KLEAYiAFLchYpSFkbFu5h6NNEws1	m	21	Turkey	May 21, 2022
CvZfysaPMdasVUxFfMR7p5JYUNf2	m	21	Turkey	May 21, 2022
GzL8j5ya5FccfrjbVV8q72WzQW03	m	21	Turkey	May 21, 2022
JNcI6py4EgX9mA2mhKqpJifI4qL2	m	21	Turkey	May 21, 2022
FFLi6wb0kSVzdX63m5S2Wu6vhZG3	m	21	Turkey	May 21, 2022
JNcI6py4EgX9mA2mhKqpJifI4qL2	m	21	Turkey	May 21, 2022
JNcI6py4EgX9mA2mhKqpJifI4qL2	m	21	Turkey	May 21, 2022
JNcI6py4EgX9mA2mhKqpJifI4qL2	m	21	Turkey	May 21, 2022
h9SZJZcbtCcQR5sIa8qPRMMbT8F2	m	21	Turkey	May 21, 2022
yr2DVVBaJ5ZKRSiMKLBxAQPKPxt1	m	21	Turkey	May 21, 2022
h9SZJZcbtCcQR5sIa8qPRMMbT8F2	m	21	Turkey	May 21, 2022
QbYQRVkHUCRFJpYyyKkKWBZqJcG3	m	21	Turkey	May 21, 2022
reM0Clj8GJWvy4k9f042iRLWxql1	m	21	Turkey	May 21, 2022
FFLi6wb0kSVzdX63m5S2Wu6vhZG3	m	21	Turkey	May 21, 2022
FFLi6wb0kSVzdX63m5S2Wu6vhZG3	m	21	Turkey	May 21, 2022
h9SZJZcbtCcQR5sIa8qPRMMbT8F2	m	21	Turkey	May 21, 2022
GzL8j5ya5FccfrjbVV8q72WzQW03	m	21	Turkey	May 21, 2022
QbYQRVkHUCRFJpYyyKkKWBZqJcG3	m	21	Turkey	May 21, 2022
KLEAYiAFLchYpSFkbFu5h6NNEws1	m	21	Turkey	May 21, 2022
RcrmhTEIb5QNXmCX7fGNmyXyhan2	m	21	Turkey	May 21, 2022
Ol4BuM6yIAaK9UGnyiPjNmV2Ne63	m	21	Turkey	May 21, 2022
yr2DVVBaJ5ZKRSiMKLBxAQPKPxt1	m	21	Turkey	May 21, 2022
rkkjBYEVSTNJU8u2bPuLrColYCP2	m	21	Turkey	May 21, 2022
GuL3Lu9y65bxMQTMvLl5BDdZLvz1	m	21	Turkey	May 21, 2022
h9SZJZcbtCcQR5sIa8qPRMMbT8F2	m	21	Turkey	May 21, 2022
FFLi6wb0kSVzdX63m5S2Wu6vhZG3	m	21	Turkey	May 21, 2022
8b06oWQ7jCf7n95QALs2duP9krs1	m	21	Turkey	May 21, 2022
yr2DVVBaJ5ZKRSiMKLBxAQPKPxt1	m	21	Turkey	May 21, 2022
FFLi6wb0kSVzdX63m5S2Wu6vhZG3	m	21	Turkey	May 21, 2022
HEC1374iIuMIvuyE59FET0aoXTv1	m	21	Turkey	May 21, 2022
Ol4BuM6yIAaK9UGnyiPjNmV2Ne63	m	21	Turkey	May 21, 2022
RQMaaRReMoaySOAL4CCk2yGCQ592	m	21	Turkey	May 21, 2022
FFLi6wb0kSVzdX63m5S2Wu6vhZG3	m	21	Turkey	May 21, 2022
FFLi6wb0kSVzdX63m5S2Wu6vhZG3	m	21	Turkey	May 21, 2022
reM0Clj8GJWvy4k9f042iRLWxql1	m	21	Turkey	May 21, 2022
VFTNMTXPUVfWhWgaxbiTKREPaSn1	m	21	Turkey	May 21, 2022
HEC1374iIuMIvuyE59FET0aoXTv1	m	21	Turkey	May 21, 2022
9JDHNGcJR7U6kCpGGODS5pDkpty2	m	21	Turkey	May 21, 2022
JNcI6py4EgX9mA2mhKqpJifI4qL2	m	21	Turkey	May 21, 2022
rkkjBYEVSTNJU8u2bPuLrColYCP2	m	21	Turkey	May 21, 2022
GzL8j5ya5FccfrjbVV8q72WzQW03	m	21	Turkey	May 21, 2022
GuL3Lu9y65bxMQTMvLl5BDdZLvz1	m	21	Turkey	May 21, 2022
aX8K9QgsnlX3tTBuItpx2iicZDb2	m	21	Turkey	May 21, 2022
8b06oWQ7jCf7n95QALs2duP9krs1	m	21	Turkey	May 21, 2022
34SfnawDh4Pvhsnn5WvPK9LeiH42	m	21	Turkey	May 21, 2022
qPSkrjYFY7V706nPCuNV0981fyz1	m	21	Turkey	May 21, 2022
yr2DVVBaJ5ZKRSiMKLBxAQPKPxt1	m	21	Turkey	May 21, 2022
34SfnawDh4Pvhsnn5WvPK9LeiH42	m	21	Turkey	May 21, 2022
FFLi6wb0kSVzdX63m5S2Wu6vhZG3	m	21	Turkey	May 21, 2022
Ol4BuM6yIAaK9UGnyiPjNmV2Ne63	m	21	Turkey	May 21, 2022
34SfnawDh4Pvhsnn5WvPK9LeiH42	m	21	Turkey	May 21, 2022
FFLi6wb0kSVzdX63m5S2Wu6vhZG3	m	21	Turkey	May 21, 2022
1eUX2R2HhAflbbaHUfiAwenvy3t1	m	21	Turkey	May 21, 2022
9JDHNGcJR7U6kCpGGODS5pDkpty2	m	21	Turkey	May 21, 2022
JNcI6py4EgX9mA2mhKqpJifI4qL2	m	21	Turkey	May 21, 2022
JNcI6py4EgX9mA2mhKqpJifI4qL2	m	21	Turkey	May 21, 2022
qPSkrjYFY7V706nPCuNV0981fyz1	m	21	Turkey	May 21, 2022
sMPDbZIM85eHwgNRwJerkmjNRc02	m	21	Turkey	May 21, 2022
JNcI6py4EgX9mA2mhKqpJifI4qL2	m	21	Turkey	May 21, 2022
qPSkrjYFY7V706nPCuNV0981fyz1	m	21	Turkey	May 21, 2022
QbYQRVkHUCRFJpYyyKkKWBZqJcG3	m	21	Turkey	May 21, 2022
Ol4BuM6yIAaK9UGnyiPjNmV2Ne63	m	21	Turkey	May 21, 2022
1eUX2R2HhAflbbaHUfiAwenvy3t1	m	21	Turkey	May 21, 2022
sMPDbZIM85eHwgNRwJerkmjNRc02	m	21	Turkey	May 21, 2022
h9SZJZcbtCcQR5sIa8qPRMMbT8F2	m	21	Turkey	May 21, 2022
h9SZJZcbtCcQR5sIa8qPRMMbT8F2	m	21	Turkey	May 21, 2022
ht6ooAsp4aaALLYfuOPKOzaS8vn1	m	21	Turkey	May 21, 2022
h9SZJZcbtCcQR5sIa8qPRMMbT8F2	m	21	Turkey	May 21, 2022
01hgvY0sWaN93SyybvaWqouCo0G3	m	21	Turkey	May 21, 2022
1eUX2R2HhAflbbaHUfiAwenvy3t1	m	21	Turkey	May 21, 2022
SNKijZ6FB8hOsxuC1KFXRs5MOE32	m	21	Turkey	May 21, 2022
reM0Clj8GJWvy4k9f042iRLWxql1	m	21	Turkey	May 21, 2022
yr2DVVBaJ5ZKRSiMKLBxAQPKPxt1	m	21	Turkey	May 21, 2022
yr2DVVBaJ5ZKRSiMKLBxAQPKPxt1	m	21	Turkey	May 21, 2022
FFLi6wb0kSVzdX63m5S2Wu6vhZG3	m	21	Turkey	May 21, 2022
JNcI6py4EgX9mA2mhKqpJifI4qL2	m	21	Turkey	May 21, 2022
FFLi6wb0kSVzdX63m5S2Wu6vhZG3	m	21	Turkey	May 21, 2022
FFLi6wb0kSVzdX63m5S2Wu6vhZG3	m	21	Turkey	May 21, 2022
FFLi6wb0kSVzdX63m5S2Wu6vhZG3	m	21	Turkey	May 21, 2022
FFLi6wb0kSVzdX63m5S2Wu6vhZG3	m	21	Turkey	May 21, 2022
01hgvY0sWaN93SyybvaWqouCo0G3	m	21	Turkey	May 21, 2022
GzL8j5ya5FccfrjbVV8q72WzQW03	m	21	Turkey	May 21, 2022
QbYQRVkHUCRFJpYyyKkKWBZqJcG3	m	21	Turkey	May 21, 2022
iOnOoYhm4CcQQTn04moeBX7x4iq2	m	21	Turkey	May 21, 2022
FFLi6wb0kSVzdX63m5S2Wu6vhZG3	m	21	Turkey	May 21, 2022
FFLi6wb0kSVzdX63m5S2Wu6vhZG3	m	21	Turkey	May 21, 2022
yr2DVVBaJ5ZKRSiMKLBxAQPKPxt1	m	21	Turkey	May 21, 2022
1eUX2R2HhAflbbaHUfiAwenvy3t1	m	21	Turkey	May 21, 2022
Ol4BuM6yIAaK9UGnyiPjNmV2Ne63	m	21	Turkey	May 21, 2022
DmPk4P7iYzXBZymrHY6UdIPoRrd2	m	21	Turkey	May 21, 2022
qPSkrjYFY7V706nPCuNV0981fyz1	m	21	Turkey	May 21, 2022
RcrmhTEIb5QNXmCX7fGNmyXyhan2	m	21	Turkey	May 21, 2022
yr2DVVBaJ5ZKRSiMKLBxAQPKPxt1	m	21	Turkey	May 21, 2022
h9SZJZcbtCcQR5sIa8qPRMMbT8F2	m	21	Turkey	May 21, 2022
JNcI6py4EgX9mA2mhKqpJifI4qL2	m	21	Turkey	May 21, 2022
rkkjBYEVSTNJU8u2bPuLrColYCP2	m	21	Turkey	May 21, 2022
GuL3Lu9y65bxMQTMvLl5BDdZLvz1	m	21	Turkey	May 21, 2022
FFLi6wb0kSVzdX63m5S2Wu6vhZG3	m	21	Turkey	May 21, 2022
FFLi6wb0kSVzdX63m5S2Wu6vhZG3	m	21	Turkey	May 21, 2022
yr2DVVBaJ5ZKRSiMKLBxAQPKPxt1	m	21	Turkey	May 21, 2022
GuL3Lu9y65bxMQTMvLl5BDdZLvz1	m	21	Turkey	May 21, 2022
FFLi6wb0kSVzdX63m5S2Wu6vhZG3	m	21	Turkey	May 21, 2022
FFLi6wb0kSVzdX63m5S2Wu6vhZG3	m	21	Turkey	May 21, 2022
reM0Clj8GJWvy4k9f042iRLWxql1	m	21	Turkey	May 21, 2022
9JDHNGcJR7U6kCpGGODS5pDkpty2	m	21	Turkey	May 21, 2022
GzL8j5ya5FccfrjbVV8q72WzQW03	m	21	Turkey	May 21, 2022
SNKijZ6FB8hOsxuC1KFXRs5MOE32	m	21	Turkey	May 21, 2022
SNKijZ6FB8hOsxuC1KFXRs5MOE32	m	21	Turkey	May 21, 2022
h9SZJZcbtCcQR5sIa8qPRMMbT8F2	m	21	Turkey	May 21, 2022
h9SZJZcbtCcQR5sIa8qPRMMbT8F2	m	21	Turkey	May 21, 2022
h9SZJZcbtCcQR5sIa8qPRMMbT8F2	m	21	Turkey	May 21, 2022
GuL3Lu9y65bxMQTMvLl5BDdZLvz1	m	21	Turkey	May 21, 2022
DmPk4P7iYzXBZymrHY6UdIPoRrd2	m	21	Turkey	May 21, 2022
KLEAYiAFLchYpSFkbFu5h6NNEws1	m	21	Turkey	May 21, 2022
Lh4RQFv6F1hUGfeYWgySKAbUl6M2	m	21	Turkey	May 21, 2022
bFrMu6RghvS7MkvRcp6AbdWAzpi2	m	21	Turkey	May 21, 2022
DmPk4P7iYzXBZymrHY6UdIPoRrd2	m	21	Turkey	May 21, 2022
FFLi6wb0kSVzdX63m5S2Wu6vhZG3	m	21	Turkey	May 21, 2022
34SfnawDh4Pvhsnn5WvPK9LeiH42	m	21	Turkey	May 21, 2022
CvZfysaPMdasVUxFfMR7p5JYUNf2	m	21	Turkey	May 21, 2022
JNcI6py4EgX9mA2mhKqpJifI4qL2	m	21	Turkey	May 21, 2022
rkkjBYEVSTNJU8u2bPuLrColYCP2	m	21	Turkey	May 21, 2022
Ol4BuM6yIAaK9UGnyiPjNmV2Ne63	m	21	Turkey	May 21, 2022
CvZfysaPMdasVUxFfMR7p5JYUNf2	m	21	Turkey	May 21, 2022
DmPk4P7iYzXBZymrHY6UdIPoRrd2	m	21	Turkey	May 21, 2022
RcrmhTEIb5QNXmCX7fGNmyXyhan2	m	21	Turkey	May 21, 2022
qPSkrjYFY7V706nPCuNV0981fyz1	m	21	Turkey	May 21, 2022
Ol4BuM6yIAaK9UGnyiPjNmV2Ne63	m	21	Turkey	May 21, 2022
1eUX2R2HhAflbbaHUfiAwenvy3t1	m	21	Turkey	May 21, 2022
RcrmhTEIb5QNXmCX7fGNmyXyhan2	m	21	Turkey	May 21, 2022
